{
    "loss": 0.7117288708686829,
    "accuracy": 0.9051724076271057
}