{
    "loss": 0.7374333739280701,
    "accuracy": 0.9137930870056152
}